,mean,std,min,25%,50%,75%,max
age,40.89352892727556,10.604398567302285,18.0,33.0,39.0,48.0,95.0
balance,1275.4310709436145,2246.9713866681295,-627.78,72.0,447.0,1421.0,13159.119999999995
day,15.81388153061906,8.320040415411631,1.0,8.0,16.0,21.0,31.0
duration,254.50762415689067,234.9413141902852,11.0,103.0,180.0,319.0,1270.5599999999977
campaign,2.6880217260645995,2.5804737479878614,1.0,1.0,2.0,3.0,16.0
pdays,39.44126616655166,96.18746487932573,-1.0,-1.0,-1.0,-1.0,370.0
previous,0.5270128887206998,1.4656019848923463,0.0,0.0,0.0,0.0,9.0
deposit,1.1169779400307192,0.3213975746439039,1.0,1.0,1.0,1.0,2.0
