{
  "priors": null,
  "var_smoothing": 1e-09,
  "class_prior": [
    0.883020757972063,
    0.116979242027937
  ],
  "class_0_means": [
    -0.011542524647225421,
    4.256696287893112,
    1.1591668242263817,
    1.1271822020545788,
    0.0193483330182139,
    -0.016921534411290334,
    0.5845150311968236,
    0.17098380286128442,
    0.6843133547614546,
    0.009984968363536626,
    5.545471733787105,
    -0.14245086970590665,
    0.02494417695072699,
    -0.03606711096342526,
    -0.03362732511729099
  ],
  "class_1_means": [
    0.07650457921058357,
    4.643434823977165,
    1.2411988582302569,
    1.258325404376784,
    0.009276879162702189,
    0.1474036041538116,
    0.3653663177925785,
    0.09134157944814462,
    0.2759276879162702,
    -0.08389950168493299,
    5.29662226450999,
    1.0880878761038386,
    -0.20115853851484178,
    0.276105102405704,
    0.2551998985625694
  ]
}