feature,importance
duration,0.29555820483087997
balance,0.1137964122233992
age,0.11012409500484951
day,0.09556802057666897
month,0.09460521979454517
pdays,0.06129315417013123
job,0.05085763431489556
campaign,0.040238784480320124
housing,0.028766206947494558
previous,0.02845690195570621
education,0.023323357911558963
marital,0.02244226966008594
contact,0.022200554659168682
loan,0.010782559210390438
default,0.0019866242599054455
